<?xml version="1.0" encoding="UTF-8"?>
<datasources> 
  <local-tx-datasource> 
    
    <jndi-name>FRReDS</jndi-name> 
    
    <connection-url>jdbc:mysql://localhost:3306/frre-cs</connection-url> 
    <driver-class>com.mysql.jdbc.Driver</driver-class> 
    
    <user-name>root</user-name> 
    <password>peperina</password> 
    
    <connection-property name="autoReconnect">true</connection-property>
    
    <!-- Typemapping for JBoss 4.0 --> 
    <metadata> 
      <type-mapping>mySQL</type-mapping> 
    </metadata> 
    
  </local-tx-datasource> 
</datasources>